patient_id,average_glucose,minimum_glucose,maximum_glucose,average_heart_rate,average_steps,total_carbs,total_insulin
HUPA0001P,181.44,40.0,444.0,80.83,19.47,121.0,157.6
HUPA0002P,113.47,40.0,310.0,66.7,39.24,636.0,232.7
HUPA0003P,143.27,44.0,366.0,78.07,27.41,434.0,268.72
HUPA0004P,180.38,40.0,411.0,78.14,30.7,2020.0,475.1
HUPA0005P,147.7,40.0,379.0,84.49,13.48,88.5,100.7
HUPA0006P,165.2,42.0,438.0,65.62,34.01,224.0,226.8
HUPA0007P,173.15,40.0,385.0,70.18,46.03,275.5,471.2
HUPA0009P,193.74,100.0,307.0,84.62,47.35,50.5,128.5
HUPA0010P,135.89,41.0,416.0,78.24,44.62,105.75,94.82
HUPA0011P,159.11,53.0,355.0,73.85,54.58,1125.0,0.0
HUPA0014P,188.06,40.0,443.5,82.68,35.65,180.5,272.0
HUPA0015P,163.52,40.0,370.0,68.49,47.73,0.0,0.0
HUPA0016P,150.21,40.0,362.0,89.83,43.74,329.75,275.7
HUPA0017P,200.8,40.0,401.0,82.1,27.5,170.0,67.0
HUPA0018P,143.68,40.0,358.0,78.24,34.66,0.0,0.0
HUPA0019P,162.93,51.0,371.0,71.89,45.73,53.0,50.0
HUPA0020P,194.28,40.0,390.0,77.52,36.54,0.0,7.0
HUPA0021P,137.33,47.0,279.0,75.14,38.16,23.0,23.0
HUPA0022P,112.55,40.0,298.0,62.73,20.07,3929.0,391.1
HUPA0023P,133.05,40.0,302.0,67.96,15.27,361.0,152.0
HUPA0024P,166.94,42.0,359.0,73.79,56.31,76.5,71.0
HUPA0025P,113.85,40.0,245.0,79.11,27.83,58.5,360.65
HUPA0026P,162.99,40.0,422.0,80.29,47.51,176.2,2993.0
HUPA0027P,130.83,40.0,397.0,76.79,26.5,5161.25,12841.1
HUPA0028P,128.44,40.0,296.0,75.64,19.02,711.5,778.0
